sentence_idx,word,tag
1,Taking,B-ACT
1,Off,I-ACT
2,Taking,B-ACT
2,Off,I-ACT
3,Taking,B-ACT
3,Off,I-ACT
4,Taking,B-ACT
4,Off,I-ACT
5,Home,B-PAR
5,Point,I-PAR
5,Recorded,B-ACT
5,RTH,B-PAR
5,Altitude,I-PAR
5,30m,O
6,Home,B-PAR
6,Point,I-PAR
6,Recorded,B-ACT
6,RTH,B-PAR
6,Altitude,I-PAR
6,30m,O
7,Camera,B-CMP
7,Settings,B-FNC
7,Adjusted,O
7,to,O
7,ActiveTrack,O
8,Your,O
8,palm,O
8,is,O
8,too,O
8,far,O
8,away,O
8,from,O
8,the,O
8,aircraft,B-CMP
8,Please,O
8,step,O
8,closer,O
9,Your,O
9,palm,O
9,is,O
9,too,O
9,far,O
9,away,O
9,from,O
9,the,O
9,aircraft,B-CMP
9,Please,O
9,step,O
9,closer,O
10,Your,O
10,palm,O
10,is,O
10,too,O
10,close,O
10,to,O
10,the,O
10,aircraft,B-CMP
10,Please,O
10,step,O
10,farther,O
10,away,O
11,Palm,B-FNC
11,Control,I-FNC
11,in,O
11,Process,O
12,Palm,B-FNC
12,Control,I-FNC
12,in,O
12,Process,O
13,Your,O
13,palm,O
13,is,O
13,too,O
13,close,O
13,to,O
13,the,O
13,aircraft,B-CMP
13,Please,O
13,step,O
13,farther,O
13,away,O
14,Your,O
14,palm,O
14,is,O
14,too,O
14,far,O
14,away,O
14,from,O
14,the,O
14,aircraft,B-CMP
14,Please,O
14,step,O
14,closer,O
15,Your,O
15,palm,O
15,is,O
15,too,O
15,close,O
15,to,O
15,the,O
15,aircraft,B-CMP
15,Please,O
15,step,O
15,farther,O
15,away,O
16,Palm,B-FNC
16,Control,I-FNC
16,in,O
16,Process,O
17,Palm,B-FNC
17,Control,I-FNC
17,in,O
17,Process,O
18,Palm,B-FNC
18,Control,I-FNC
18,in,O
18,Process,O
19,Palm,B-FNC
19,Control,I-FNC
19,in,O
19,Process,O
20,Camera,B-CMP
20,Settings,B-FNC
20,Adjusted,O
20,to,O
20,ActiveTrack,O
21,Drag,O
21,a,O
21,box,O
21,around,O
21,or,O
21,tap,O
21,a,O
21,target,O
21,on,O
21,screen,O
21,Then,O
21,tap,O
21,Go,O
22,Camera,B-CMP
22,Settings,B-FNC
22,Adjusted,O
22,to,O
22,ActiveTrack,O
23,Drag,O
23,a,O
23,box,O
23,around,O
23,or,O
23,tap,O
23,a,O
23,target,O
23,on,O
23,screen,O
23,Then,O
23,tap,O
23,Go,O
24,Can,O
24,not,O
24,Identify,O
24,Subject,O
25,Taking,B-ACT
25,Off,I-ACT
26,Taking,B-ACT
26,Off,I-ACT
27,Compass,B-CMP
27,Interference,B-ISS
27,Temp,O
27,Max,B-ISS
27,Altitude,I-PAR
27,98ft,O
28,Taking,B-ACT
28,Off,I-ACT
29,Taking,B-ACT
29,Off,I-ACT
30,Taking,B-ACT
30,Off,I-ACT
31,Taking,B-ACT
31,Off,I-ACT
32,Taking,B-ACT
32,Off,I-ACT
33,Taking,B-ACT
33,Off,I-ACT
34,Home,B-PAR
34,Point,I-PAR
34,Recorded,B-ACT
34,RTH,B-PAR
34,Altitude,I-PAR
34,Ã,O
34,30m,O
35,Home,B-PAR
35,Point,I-PAR
35,Recorded,B-ACT
35,RTH,B-PAR
35,Altitude,I-PAR
35,30m,O
36,Obstacle,B-FNC
36,Avoidance,I-FNC
36,will,O
36,be,O
36,disabled,O
36,in,O
36,landing,B-ACT
37,Taking,B-ACT
37,Off,I-ACT
38,Taking,B-ACT
38,Off,I-ACT
39,Home,B-PAR
39,Point,I-PAR
39,Recorded,B-ACT
39,RTH,B-PAR
39,Altitude,I-PAR
39,Ã,O
39,30m,O
40,Obstacle,O
40,Avoided,B-ACT
40,Revise,O
40,Flight,O
40,Route,O
41,Taking,B-ACT
41,Off,I-ACT
42,Max,B-ISS
42,Flight,I-ISS
42,Altitude,I-PAR
42,Reached,O
42,Adjust,O
42,in,O
42,Main,O
42,Controller,B-CMP
42,Settings,B-FNC
42,if,O
42,necessary,O
43,Compass,B-CMP
43,Error,O
43,Exit,O
43,Mode,O
44,Landing,B-ACT
45,Data,O
45,Recorder,O
45,File,O
45,Index,O
45,is,O
45,29,O
46,Home,B-PAR
46,Point,I-PAR
46,Updated,O
47,Taking,B-ACT
47,Off,I-ACT
48,Aircraft,B-CMP
48,is,O
48,returning,B-ACT
48,to,O
48,the,O
48,Home,B-PAR
48,Point,I-PAR
48,RTH,B-PAR
48,Altitude,I-PAR
48,is,O
48,30m,O
48,You,O
48,can,O
48,reset,O
48,the,O
48,RTH,B-PAR
48,Altitude,I-PAR
48,in,O
48,Remote,O
48,Controller,B-CMP
48,Settings,B-FNC
48,after,O
48,cancelling,O
48,RTH,B-ACT
48,if,O
48,necessary,O
49,Landing,B-CMP
49,Gear,I-CMP
49,Raising,B-ACT
50,Landing,B-CMP
50,Gear,I-CMP
50,Raised,B-ACT
51,Command,O
51,Timeout,O
52,Low,B-ISS
52,Power,I-ISS
52,Aircraft,B-CMP
52,is,O
52,returning,B-ACT
52,to,O
52,the,O
52,Home,B-PAR
52,Point,I-PAR
53,Low,B-ISS
53,Power,I-ISS
53,Aircraft,B-CMP
53,is,O
53,returning,B-ACT
53,to,O
53,the,O
53,Home,B-PAR
53,Point,I-PAR
54,Landing,B-CMP
54,Gear,I-CMP
54,Lowering,B-ACT
55,Landing,B-CMP
55,Gear,I-CMP
55,Lowered,B-ACT
56,Home,B-PAR
56,Point,I-PAR
56,Recorded,B-ACT
56,RTH,B-PAR
56,Altitude,I-PAR
56,30m,O
57,Landing,B-CMP
57,gear,I-CMP
57,Avoidance,O
57,Disabled,O
58,Aircraft,B-CMP
58,is,O
58,returning,B-ACT
58,to,O
58,the,O
58,Home,B-PAR
58,Point,I-PAR
58,Minimum,O
58,RTH,B-PAR
58,Altitude,I-PAR
58,is,O
58,30m,O
58,You,O
58,can,O
58,reset,O
58,the,O
58,RTH,B-PAR
58,Altitude,I-PAR
58,in,O
58,Remote,O
58,Controller,B-CMP
58,Settings,B-FNC
58,after,O
58,cancelling,O
58,RTH,B-ACT
59,Obstacle,B-FNC
59,Avoidance,I-FNC
59,will,O
59,be,O
59,disabled,O
59,in,O
59,landing,B-ACT
60,Landing,B-CMP
60,gear,I-CMP
60,Avoidance,O
60,Disabled,O
61,Landing,B-FNC
61,Protection,I-FNC
61,Activated,O
61,Aircraft,B-CMP
61,will,O
61,decelerate,O
61,during,O
61,landing,B-ACT
62,Ground,O
62,Plain,O
62,Safe,O
62,to,O
62,Land,O
63,Taking,B-ACT
63,Off,I-ACT
64,Taking,B-ACT
64,Off,I-ACT
65,Home,B-PAR
65,Point,I-PAR
65,Recorded,B-ACT
65,RTH,B-PAR
65,Altitude,I-PAR
65,30m,O
66,Fly,O
66,with,O
66,caution,O
66,and,O
66,ensure,O
66,the,O
66,aircraft,B-CMP
66,remains,O
66,within,O
66,your,O
66,line,O
66,of,O
66,sight,O
67,Fly,O
67,with,O
67,caution,O
67,and,O
67,ensure,O
67,the,O
67,aircraft,B-CMP
67,remains,O
67,within,O
67,your,O
67,line,O
67,of,O
67,sight,O
68,Image,O
68,Transmission,O
68,Recovered,O
68,Aircraft,B-CMP
68,is,O
68,returning,B-ACT
68,home,B-PAR
69,Obstacle,B-FNC
69,Avoidance,I-FNC
69,will,O
69,be,O
69,disabled,O
69,in,O
69,landing,B-ACT
70,Landing,B-CMP
70,gear,I-CMP
70,Avoidance,O
70,Disabled,O
71,Landing,B-FNC
71,Protection,I-FNC
71,Activated,O
71,Aircraft,B-CMP
71,will,O
71,decelerate,O
71,during,O
71,landing,B-ACT
72,Ground,O
72,Plain,O
72,Safe,O
72,to,O
72,Land,O
73,Taking,B-ACT
73,Off,I-ACT
74,Taking,B-ACT
74,Off,I-ACT
75,Home,B-PAR
75,Point,I-PAR
75,Recorded,B-ACT
75,RTH,B-PAR
75,Altitude,I-PAR
75,30m,O
76,Landing,B-CMP
76,gear,I-CMP
76,Avoidance,O
76,Disabled,O
77,Current,O
77,RTH,B-PAR
77,route,I-PAR
77,will,O
77,pass,O
77,a,O
77,zone,O
77,Pay,O
77,attention,O
77,to,O
77,the,O
77,aircraft,B-CMP
77,position,O
77,to,O
77,avoid,O
77,RTH,B-ACT
77,failure,O
78,Compass,B-CMP
78,Error,O
78,Exit,O
78,Mode,O
79,In,B-STE
79,Flight,I-STE
80,Max,B-ISS
80,Flight,I-ISS
80,Distance,I-ISS
80,Reached,O
80,Adjust,O
80,in,O
80,Main,O
80,Controller,B-CMP
80,Settings,B-FNC
80,if,O
80,necessary,O
81,The,O
81,remaining,O
81,battery,B-CMP
81,is,O
81,only,O
81,enough,O
81,for,O
81,RTH,B-ACT
81,Return,O
81,home,O
81,now,O
82,Low,B-ISS
82,Power,I-ISS
82,Aircraft,B-CMP
82,is,O
82,returning,O
82,to,O
82,the,O
82,Home,B-PAR
82,Point,I-PAR
83,Fly,O
83,with,O
83,caution,O
83,and,O
83,ensure,O
83,the,O
83,aircraft,B-CMP
83,remains,O
83,within,O
83,your,O
83,line,O
83,of,O
83,sight,O
84,The,O
84,remaining,O
84,battery,B-CMP
84,is,O
84,only,O
84,enough,O
84,for,O
84,RTH,B-ACT
84,Return,O
84,home,O
84,now,O
85,Obstacle,B-FNC
85,Avoidance,I-FNC
85,will,O
85,be,O
85,disabled,O
85,in,O
85,landing,B-ACT
86,Landing,B-CMP
86,gear,I-CMP
86,Avoidance,O
86,Disabled,O
87,Landing,B-FNC
87,Protection,I-FNC
87,Activated,O
87,Aircraft,B-CMP
87,will,O
87,decelerate,O
87,during,O
87,landing,B-ACT
88,Ground,O
88,Plain,O
88,Safe,O
88,to,O
88,Land,O
89,Taking,B-ACT
89,Off,I-ACT
90,Taking,B-ACT
90,Off,I-ACT
91,Home,B-PAR
91,Point,I-PAR
91,Recorded,B-ACT
91,RTH,B-PAR
91,Altitude,I-PAR
91,30m,O
92,Landing,B-CMP
92,gear,I-CMP
92,Avoidance,O
92,Disabled,O
93,Max,B-ISS
93,Flight,I-ISS
93,Altitude,I-ISS
93,Reached,O
93,Adjust,O
93,in,O
93,Main,O
93,Controller,B-CMP
93,Settings,B-FNC
93,if,O
93,necessary,O
94,Subject,O
94,too,O
94,Small,O
94,Get,O
94,Closer,O
94,and,O
94,retry,O
95,Max,B-ISS
95,Flight,I-ISS
95,Distance,I-ISS
95,Reached,O
95,Adjust,O
95,in,O
95,Main,O
95,Controller,B-CMP
95,Settings,B-FNC
95,if,O
95,necessary,O
96,Aircraft,B-CMP
96,is,O
96,returning,O
96,to,O
96,the,O
96,Home,B-PAR
96,Point,I-PAR
96,Minimum,O
96,RTH,B-PAR
96,Altitude,I-PAR
96,is,O
96,30m,O
96,You,O
96,can,O
96,reset,O
96,the,O
96,RTH,B-PAR
96,Altitude,I-PAR
96,in,O
96,Remote,O
96,Controller,B-CMP
96,Settings,B-FNC
96,after,O
96,cancelling,O
96,RTH,B-ACT
97,Max,B-ISS
97,Flight,I-ISS
97,Altitude,I-ISS
97,Reached,O
97,Adjust,O
97,in,O
97,Main,O
97,Controller,B-CMP
97,Settings,B-FNC
97,if,O
97,necessary,O
98,Obstacle,B-FNC
98,Avoidance,I-FNC
98,will,O
98,be,O
98,disabled,O
98,in,O
98,landing,B-ACT
99,Landing,B-CMP
99,gear,I-CMP
99,Avoidance,O
99,Disabled,O
100,Landing,B-FNC
100,Protection,I-FNC
100,Activated,O
100,Aircraft,B-CMP
100,will,O
100,decelerate,O
100,during,O
100,landing,B-ACT
101,Ground,O
101,Plain,O
101,Safe,O
101,to,O
101,Land,O
102,Taking,B-ACT
102,Off,I-ACT
103,Taking,B-ACT
103,Off,I-ACT
104,Home,B-PAR
104,Point,I-PAR
104,Recorded,B-ACT
104,RTH,B-PAR
104,Altitude,I-PAR
104,30m,O
105,Landing,B-CMP
105,gear,I-CMP
105,Avoidance,O
105,Disabled,O
106,Aircraft,B-CMP
106,close,O
106,to,O
106,Home,B-PAR
106,Point,I-PAR
106,shifts,O
106,to,O
107,Obstacle,B-FNC
107,Avoidance,I-FNC
107,will,O
107,be,O
107,disabled,O
107,in,O
107,landing,B-ACT
108,Landing,B-CMP
108,gear,I-CMP
108,Avoidance,O
108,Disabled,O
109,Landing,B-FNC
109,Protection,I-FNC
109,Activated,O
109,Aircraft,B-CMP
109,will,O
109,decelerate,O
109,during,O
109,landing,B-ACT
110,Landing,B-ACT
110,Canceled,O
111,Aircraft,B-CMP
111,close,O
111,to,O
111,Home,B-PAR
111,Point,I-PAR
111,shifts,O
111,to,O
112,Obstacle,B-FNC
112,Avoidance,I-FNC
112,will,O
112,be,O
112,disabled,O
112,in,O
112,landing,B-ACT
113,Landing,B-FNC
113,Protection,I-FNC
113,Activated,O
113,Aircraft,B-CMP
113,will,O
113,decelerate,O
113,during,O
113,landing,B-ACT
114,Landing,B-CMP
114,gear,I-CMP
114,Avoidance,O
114,Disabled,O
115,Obstacle,B-FNC
115,Avoidance,I-FNC
115,will,O
115,be,O
115,disabled,O
115,in,O
115,landing,B-ACT
116,Landing,B-ACT
117,Landing,B-FNC
117,Protection,I-FNC
117,Activated,O
117,Aircraft,B-CMP
117,will,O
117,decelerate,O
117,during,O
117,landing,B-ACT
118,Landing,B-CMP
118,gear,I-CMP
118,Avoidance,O
118,Disabled,O
119,Ground,O
119,Plain,O
119,Safe,O
119,to,O
119,Land,O
120,Data,O
120,Recorder,O
120,File,O
120,Index,O
120,is,O
120,30,O
121,Home,B-PAR
121,Point,I-PAR
121,Updated,O
122,Obstacle,B-FNC
122,Avoidance,I-FNC
122,disabled,O
122,Landing,B-CMP
122,gear,I-CMP
122,lowered,B-ACT
122,Obstacle,B-FNC
122,Avoidance,I-FNC
122,has,O
122,been,O
122,disabled,O
123,Gimbal,B-CMP
123,Pitch,I-CMP
123,Limit,O
123,Reached,O
124,GPS,B-FNC
124,Position,O
124,Mismatch,O
125,GPS,B-FNC
125,Position,O
125,Mismatch,O
126,GPS,B-FNC
126,Position,O
126,Mismatch,O
127,GPS,B-FNC
127,Position,O
127,Mismatch,O
128,GPS,B-FNC
128,Position,O
128,Mismatch,O
129,GPS,B-FNC
129,Position,O
129,Mismatch,O
130,GPS,B-FNC
130,Position,O
130,Mismatch,O
131,GPS,B-FNC
131,Position,O
131,Mismatch,O
132,GPS,B-FNC
132,Position,O
132,Mismatch,O
133,GPS,B-FNC
133,Position,O
133,Mismatch,O
134,GPS,B-FNC
134,Position,O
134,Mismatch,O
135,GPS,B-FNC
135,Position,O
135,Mismatch,O
136,GPS,B-FNC
136,Position,O
136,Mismatch,O
137,GPS,B-FNC
137,Position,O
137,Mismatch,O
138,GPS,B-FNC
138,Position,O
138,Mismatch,O
139,GPS,B-FNC
139,Position,O
139,Mismatch,O
140,GPS,B-FNC
140,Position,O
140,Mismatch,O
141,GPS,B-FNC
141,Position,O
141,Mismatch,O
142,GPS,B-FNC
142,Position,O
142,Mismatch,O
143,GPS,B-FNC
143,Position,O
143,Mismatch,O
144,GPS,B-FNC
144,Position,O
144,Mismatch,O
145,GPS,B-FNC
145,Position,O
145,Mismatch,O
146,GPS,B-FNC
146,Position,O
146,Mismatch,O
147,GPS,B-FNC
147,Position,O
147,Mismatch,O
148,GPS,B-FNC
148,Position,O
148,Mismatch,O
149,GPS,B-FNC
149,Position,O
149,Mismatch,O
150,GPS,B-FNC
150,Position,O
150,Mismatch,O
151,GPS,B-FNC
151,Position,O
151,Mismatch,O
152,GPS,B-FNC
152,Position,O
152,Mismatch,O
153,GPS,B-FNC
153,Position,O
153,Mismatch,O
154,GPS,B-FNC
154,Position,O
154,Mismatch,O
155,GPS,B-FNC
155,Position,O
155,Mismatch,O
156,GPS,B-FNC
156,Position,O
156,Mismatch,O
157,GPS,B-FNC
157,Position,O
157,Mismatch,O
158,GPS,B-FNC
158,Position,O
158,Mismatch,O
159,GPS,B-FNC
159,Position,O
159,Mismatch,O
160,GPS,B-FNC
160,Position,O
160,Mismatch,O
161,GPS,B-FNC
161,Position,O
161,Mismatch,O
162,GPS,B-FNC
162,Position,O
162,Mismatch,O
163,GPS,B-FNC
163,Position,O
163,Mismatch,O
164,GPS,B-FNC
164,Position,O
164,Mismatch,O
165,GPS,B-FNC
165,Position,O
165,Mismatch,O
166,GPS,B-FNC
166,Position,O
166,Mismatch,O
167,GPS,B-FNC
167,Position,O
167,Mismatch,O
168,GPS,B-FNC
168,Position,O
168,Mismatch,O
169,GPS,B-FNC
169,Position,O
169,Mismatch,O
170,GPS,B-FNC
170,Position,O
170,Mismatch,O
171,GPS,B-FNC
171,Position,O
171,Mismatch,O
172,GPS,B-FNC
172,Position,O
172,Mismatch,O
173,GPS,B-FNC
173,Position,O
173,Mismatch,O
174,GPS,B-FNC
174,Position,O
174,Mismatch,O
175,GPS,B-FNC
175,Position,O
175,Mismatch,O
176,GPS,B-FNC
176,Position,O
176,Mismatch,O
177,GPS,B-FNC
177,Position,O
177,Mismatch,O
178,GPS,B-FNC
178,Position,O
178,Mismatch,O
179,GPS,B-FNC
179,Position,O
179,Mismatch,O
180,GPS,B-FNC
180,Position,O
180,Mismatch,O
181,GPS,B-FNC
181,Position,O
181,Mismatch,O
182,GPS,B-FNC
182,Position,O
182,Mismatch,O
183,GPS,B-FNC
183,Position,O
183,Mismatch,O
184,GPS,B-FNC
184,Position,O
184,Mismatch,O
185,GPS,B-FNC
185,Position,O
185,Mismatch,O
186,GPS,B-FNC
186,Position,O
186,Mismatch,O
187,GPS,B-FNC
187,Position,O
187,Mismatch,O
188,GPS,B-FNC
188,Position,O
188,Mismatch,O
189,GPS,B-FNC
189,Position,O
189,Mismatch,O
190,GPS,B-FNC
190,Position,O
190,Mismatch,O
191,GPS,B-FNC
191,Position,O
191,Mismatch,O
192,GPS,B-FNC
192,Position,O
192,Mismatch,O
193,GPS,B-FNC
193,Position,O
193,Mismatch,O
194,GPS,B-FNC
194,Position,O
194,Mismatch,O
195,GPS,B-FNC
195,Position,O
195,Mismatch,O
196,GPS,B-FNC
196,Position,O
196,Mismatch,O
197,GPS,B-FNC
197,Position,O
197,Mismatch,O
198,GPS,B-FNC
198,Position,O
198,Mismatch,O
199,GPS,B-FNC
199,Position,O
199,Mismatch,O
200,GPS,B-FNC
200,Position,O
200,Mismatch,O
201,GPS,B-FNC
201,Position,O
201,Mismatch,O
202,GPS,B-FNC
202,Position,O
202,Mismatch,O
203,GPS,B-FNC
203,Position,O
203,Mismatch,O
204,GPS,B-FNC
204,Position,O
204,Mismatch,O
205,GPS,B-FNC
205,Position,O
205,Mismatch,O
206,GPS,B-FNC
206,Position,O
206,Mismatch,O
207,GPS,B-FNC
207,Position,O
207,Mismatch,O
208,GPS,B-FNC
208,Position,O
208,Mismatch,O
209,GPS,B-FNC
209,Position,O
209,Mismatch,O
210,GPS,B-FNC
210,Position,O
210,Mismatch,O
211,GPS,B-FNC
211,Position,O
211,Mismatch,O
212,GPS,B-FNC
212,Position,O
212,Mismatch,O
213,GPS,B-FNC
213,Position,O
213,Mismatch,O
214,GPS,B-FNC
214,Position,O
214,Mismatch,O
215,GPS,B-FNC
215,Position,O
215,Mismatch,O
216,GPS,B-FNC
216,Position,O
216,Mismatch,O
217,GPS,B-FNC
217,Position,O
217,Mismatch,O
218,GPS,B-FNC
218,Position,O
218,Mismatch,O
219,GPS,B-FNC
219,Position,O
219,Mismatch,O
220,GPS,B-FNC
220,Position,O
220,Mismatch,O
221,GPS,B-FNC
221,Position,O
221,Mismatch,O
222,GPS,B-FNC
222,Position,O
222,Mismatch,O
223,GPS,B-FNC
223,Position,O
223,Mismatch,O
224,GPS,B-FNC
224,Position,O
224,Mismatch,O
225,GPS,B-FNC
225,Position,O
225,Mismatch,O
226,GPS,B-FNC
226,Position,O
226,Mismatch,O
227,GPS,B-FNC
227,Position,O
227,Mismatch,O
228,GPS,B-FNC
228,Position,O
228,Mismatch,O
229,GPS,B-FNC
229,Position,O
229,Mismatch,O
230,GPS,B-FNC
230,Position,O
230,Mismatch,O
231,GPS,B-FNC
231,Position,O
231,Mismatch,O
232,GPS,B-FNC
232,Position,O
232,Mismatch,O
233,GPS,B-FNC
233,Position,O
233,Mismatch,O
234,GPS,B-FNC
234,Position,O
234,Mismatch,O
235,GPS,B-FNC
235,Position,O
235,Mismatch,O
236,GPS,B-FNC
236,Position,O
236,Mismatch,O
237,GPS,B-FNC
237,Position,O
237,Mismatch,O
238,GPS,B-FNC
238,Position,O
238,Mismatch,O
239,GPS,B-FNC
239,Position,O
239,Mismatch,O
240,GPS,B-FNC
240,Position,O
240,Mismatch,O
241,GPS,B-FNC
241,Position,O
241,Mismatch,O
242,GPS,B-FNC
242,Position,O
242,Mismatch,O
243,GPS,B-FNC
243,Position,O
243,Mismatch,O
244,GPS,B-FNC
244,Position,O
244,Mismatch,O
245,GPS,B-FNC
245,Position,O
245,Mismatch,O
246,GPS,B-FNC
246,Position,O
246,Mismatch,O
247,GPS,B-FNC
247,Position,O
247,Mismatch,O
248,GPS,B-FNC
248,Position,O
248,Mismatch,O
249,GPS,B-FNC
249,Position,O
249,Mismatch,O
250,GPS,B-FNC
250,Position,O
250,Mismatch,O
251,GPS,B-FNC
251,Position,O
251,Mismatch,O
252,GPS,B-FNC
252,Position,O
252,Mismatch,O
253,GPS,B-FNC
253,Position,O
253,Mismatch,O
254,GPS,B-FNC
254,Position,O
254,Mismatch,O
255,GPS,B-FNC
255,Position,O
255,Mismatch,O
256,GPS,B-FNC
256,Position,O
256,Mismatch,O
257,GPS,B-FNC
257,Position,O
257,Mismatch,O
258,GPS,B-FNC
258,Position,O
258,Mismatch,O
259,GPS,B-FNC
259,Position,O
259,Mismatch,O
260,GPS,B-FNC
260,Position,O
260,Mismatch,O
261,GPS,B-FNC
261,Position,O
261,Mismatch,O
262,GPS,B-FNC
262,Position,O
262,Mismatch,O
263,GPS,B-FNC
263,Position,O
263,Mismatch,O
264,GPS,B-FNC
264,Position,O
264,Mismatch,O
265,GPS,B-FNC
265,Position,O
265,Mismatch,O
266,GPS,B-FNC
266,Position,O
266,Mismatch,O
267,GPS,B-FNC
267,Position,O
267,Mismatch,O
268,GPS,B-FNC
268,Position,O
268,Mismatch,O
269,GPS,B-FNC
269,Position,O
269,Mismatch,O
270,GPS,B-FNC
270,Position,O
270,Mismatch,O
271,GPS,B-FNC
271,Position,O
271,Mismatch,O
272,GPS,B-FNC
272,Position,O
272,Mismatch,O
273,GPS,B-FNC
273,Position,O
273,Mismatch,O
274,GPS,B-FNC
274,Position,O
274,Mismatch,O
275,GPS,B-FNC
275,Position,O
275,Mismatch,O
276,GPS,B-FNC
276,Position,O
276,Mismatch,O
277,GPS,B-FNC
277,Position,O
277,Mismatch,O
278,GPS,B-FNC
278,Position,O
278,Mismatch,O
279,GPS,B-FNC
279,Position,O
279,Mismatch,O
280,GPS,B-FNC
280,Position,O
280,Mismatch,O
281,GPS,B-FNC
281,Position,O
281,Mismatch,O
282,GPS,B-FNC
282,Position,O
282,Mismatch,O
283,GPS,B-FNC
283,Position,O
283,Mismatch,O
284,GPS,B-FNC
284,Position,O
284,Mismatch,O
285,GPS,B-FNC
285,Position,O
285,Mismatch,O
286,GPS,B-FNC
286,Position,O
286,Mismatch,O
287,GPS,B-FNC
287,Position,O
287,Mismatch,O
288,GPS,B-FNC
288,Position,O
288,Mismatch,O
289,GPS,B-FNC
289,Position,O
289,Mismatch,O
290,GPS,B-FNC
290,Position,O
290,Mismatch,O
291,GPS,B-FNC
291,Position,O
291,Mismatch,O
292,GPS,B-FNC
292,Position,O
292,Mismatch,O
293,GPS,B-FNC
293,Position,O
293,Mismatch,O
294,GPS,B-FNC
294,Position,O
294,Mismatch,O
295,GPS,B-FNC
295,Position,O
295,Mismatch,O
296,GPS,B-FNC
296,Position,O
296,Mismatch,O
297,GPS,B-FNC
297,Position,O
297,Mismatch,O
298,GPS,B-FNC
298,Position,O
298,Mismatch,O
299,GPS,B-FNC
299,Position,O
299,Mismatch,O
300,GPS,B-FNC
300,Position,O
300,Mismatch,O
301,GPS,B-FNC
301,Position,O
301,Mismatch,O
302,GPS,B-FNC
302,Position,O
302,Mismatch,O
303,GPS,B-FNC
303,Position,O
303,Mismatch,O
304,GPS,B-FNC
304,Position,O
304,Mismatch,O
305,GPS,B-FNC
305,Position,O
305,Mismatch,O
306,GPS,B-FNC
306,Position,O
306,Mismatch,O
307,GPS,B-FNC
307,Position,O
307,Mismatch,O
308,GPS,B-FNC
308,Position,O
308,Mismatch,O
309,GPS,B-FNC
309,Position,O
309,Mismatch,O
310,GPS,B-FNC
310,Position,O
310,Mismatch,O
311,GPS,B-FNC
311,Position,O
311,Mismatch,O
312,Gimbal,B-CMP
312,Roll,I-CMP
312,Limit,O
312,Reached,O
313,Gimbal,B-CMP
313,Pitch,I-CMP
313,Limit,O
313,Reached,O
314,Gimbal,B-CMP
314,Pitch,I-CMP
314,Limit,O
314,Reached,O
315,Gimbal,B-CMP
315,Pitch,I-CMP
315,Limit,O
315,Reached,O
316,Obstacle,B-FNC
316,Sensing,I-FNC
316,will,O
316,be,O
316,disabled,O
316,when,O
316,aircraft,B-CMP
316,is,O
316,landing,B-ACT
316,Fly,O
316,with,O
316,caution,O
317,Landing,B-CMP
317,Gear,I-CMP
317,Lowering,B-ACT
318,Landing,B-CMP
318,Gear,I-CMP
318,Lowered,B-ACT
319,Home,B-PAR
319,Point,I-PAR
319,Recorded,B-ACT
319,RTH,B-PAR
319,Altitude,I-PAR
319,30m,O
320,Landing,B-CMP
320,gear,I-CMP
320,Avoidance,O
320,Disabled,O
321,Gimbal,B-CMP
321,Pitch,I-CMP
321,Reached,O
321,Movement,O
321,Limit,O
322,Landing,B-CMP
322,gear,I-CMP
322,Avoidance,O
322,Disabled,O
323,Fly,O
323,with,O
323,caution,O
323,and,O
323,ensure,O
323,the,O
323,aircraft,B-CMP
323,remains,O
323,within,O
323,your,O
323,line,O
323,of,O
323,sight,O
324,Fly,O
324,with,O
324,caution,O
324,and,O
324,ensure,O
324,the,O
324,aircraft,B-CMP
324,remains,O
324,within,O
324,your,O
324,line,O
324,of,O
324,sight,O
325,Fly,O
325,with,O
325,caution,O
325,and,O
325,ensure,O
325,the,O
325,aircraft,B-CMP
325,remains,O
325,within,O
325,your,O
325,line,O
325,of,O
325,sight,O
326,Fly,O
326,with,O
326,caution,O
326,and,O
326,ensure,O
326,the,O
326,aircraft,B-CMP
326,remains,O
326,within,O
326,your,O
326,line,O
326,of,O
326,sight,O
327,Fly,O
327,with,O
327,caution,O
327,and,O
327,ensure,O
327,the,O
327,aircraft,B-CMP
327,remains,O
327,within,O
327,your,O
327,line,O
327,of,O
327,sight,O
328,Landing,B-ACT
329,Data,O
329,Recorder,O
329,File,O
329,Index,O
329,is,O
329,65,O
330,Taking,B-ACT
330,off,I-ACT
331,RTH,B-PAR
331,Altitude,I-PAR
331,65FT,O
332,Home,B-PAR
332,Point,I-PAR
332,Updated,O
333,Can,O
333,not,O
333,switch,O
333,flight,O
333,mode,O
333,Turn,O
333,on,O
333,Multiple,O
333,Flight,O
333,Modes,O
333,to,O
333,enable,O
333,Atti,O
333,and,O
333,Sport,B-STE
333,Modes,I-STE
334,Can,O
334,not,O
334,switch,O
334,flight,O
334,mode,O
334,Turn,O
334,on,O
334,Multiple,O
334,Flight,O
334,Modes,O
334,to,O
334,enable,O
334,Atti,O
334,and,O
334,Sport,B-STE
334,Modes,I-STE
335,GPS,B-FNC
335,Position,O
335,Mismatch,O
336,GPS,B-FNC
336,Position,O
336,Mismatch,O
337,GPS,B-FNC
337,Position,O
337,Mismatch,O
338,GPS,B-FNC
338,Position,O
338,Mismatch,O
339,GPS,B-FNC
339,Position,O
339,Mismatch,O
340,GPS,B-FNC
340,Position,O
340,Mismatch,O
341,GPS,B-FNC
341,Position,O
341,Mismatch,O
342,GPS,B-FNC
342,Position,O
342,Mismatch,O
343,GPS,B-FNC
343,Position,O
343,Mismatch,O
344,GPS,B-FNC
344,Position,O
344,Mismatch,O
345,GPS,B-FNC
345,Position,O
345,Mismatch,O
346,GPS,B-FNC
346,Position,O
346,Mismatch,O
347,GPS,B-FNC
347,Position,O
347,Mismatch,O
348,GPS,B-FNC
348,Position,O
348,Mismatch,O
349,Large,O
349,Wind,B-ISS
349,Velocity,I-ISS
350,GPS,B-FNC
350,Position,O
350,Mismatch,O
351,GPS,B-FNC
351,Position,O
351,Mismatch,O
352,GPS,B-FNC
352,Position,O
352,Mismatch,O
353,GPS,B-FNC
353,Position,O
353,Mismatch,O
354,GPS,B-FNC
354,Position,O
354,Mismatch,O
355,GPS,B-FNC
355,Position,O
355,Mismatch,O
356,GPS,B-FNC
356,Position,O
356,Mismatch,O
357,GPS,B-FNC
357,Position,O
357,Mismatch,O
358,GPS,B-FNC
358,Position,O
358,Mismatch,O
359,GPS,B-FNC
359,Position,O
359,Mismatch,O
360,Large,O
360,Wind,B-ISS
360,Velocity,I-ISS
361,Large,O
361,Wind,B-ISS
361,Velocity,I-ISS
362,GPS,B-FNC
362,Position,O
362,Mismatch,O
363,GPS,B-FNC
363,Position,O
363,Mismatch,O
364,GPS,B-FNC
364,Position,O
364,Mismatch,O
365,GPS,B-FNC
365,Position,O
365,Mismatch,O
366,GPS,B-FNC
366,Position,O
366,Mismatch,O
367,GPS,B-FNC
367,Position,O
367,Mismatch,O
368,GPS,B-FNC
368,Position,O
368,Mismatch,O
369,GPS,B-FNC
369,Position,O
369,Mismatch,O
370,GPS,B-FNC
370,Position,O
370,Mismatch,O
371,GPS,B-FNC
371,Position,O
371,Mismatch,O
372,GPS,B-FNC
372,Position,O
372,Mismatch,O
373,GPS,B-FNC
373,Position,O
373,Mismatch,O
374,GPS,B-FNC
374,Position,O
374,Mismatch,O
375,GPS,B-FNC
375,Position,O
375,Mismatch,O
376,GPS,B-FNC
376,Position,O
376,Mismatch,O
377,GPS,B-FNC
377,Position,O
377,Mismatch,O
378,GPS,B-FNC
378,Position,O
378,Mismatch,O
379,GPS,B-FNC
379,Position,O
379,Mismatch,O
380,GPS,B-FNC
380,Position,O
380,Mismatch,O
381,GPS,B-FNC
381,Position,O
381,Mismatch,O
382,GPS,B-FNC
382,Position,O
382,Mismatch,O
383,GPS,B-FNC
383,Position,O
383,Mismatch,O
384,GPS,B-FNC
384,Position,O
384,Mismatch,O
385,GPS,B-FNC
385,Position,O
385,Mismatch,O
386,GPS,B-FNC
386,Position,O
386,Mismatch,O
387,GPS,B-FNC
387,Position,O
387,Mismatch,O
388,GPS,B-FNC
388,Position,O
388,Mismatch,O
389,GPS,B-FNC
389,Position,O
389,Mismatch,O
390,GPS,B-FNC
390,Position,O
390,Mismatch,O
391,GPS,B-FNC
391,Position,O
391,Mismatch,O
392,GPS,B-FNC
392,Position,O
392,Mismatch,O
393,GPS,B-FNC
393,Position,O
393,Mismatch,O
394,GPS,B-FNC
394,Position,O
394,Mismatch,O
395,GPS,B-FNC
395,Position,O
395,Mismatch,O
396,GPS,B-FNC
396,Position,O
396,Mismatch,O
397,GPS,B-FNC
397,Position,O
397,Mismatch,O
398,GPS,B-FNC
398,Position,O
398,Mismatch,O
399,GPS,B-FNC
399,Position,O
399,Mismatch,O
400,GPS,B-FNC
400,Position,O
400,Mismatch,O
401,GPS,B-FNC
401,Position,O
401,Mismatch,O
402,GPS,B-FNC
402,Position,O
402,Mismatch,O
403,GPS,B-FNC
403,Position,O
403,Mismatch,O
404,GPS,B-FNC
404,Position,O
404,Mismatch,O
405,GPS,B-FNC
405,Position,O
405,Mismatch,O
406,GPS,B-FNC
406,Position,O
406,Mismatch,O
407,GPS,B-FNC
407,Position,O
407,Mismatch,O
408,Large,O
408,Wind,B-ISS
408,Velocity,I-ISS
409,Landing,B-ACT
410,Home,B-PAR
410,Point,I-PAR
410,Recorded,B-ACT
410,RTH,
410,Altitude,
410,30m,O
411,Tap,O
411,the,O
411,screen,O
411,lightly,O
411,to,O
411,focus,O
412,Mobile,O
412,device,O
412,CPU,B-CMP
412,fully,O
412,loaded,O
412,Related,O
412,performance,O
412,will,O
412,be,O
412,affected,O
413,Obstacle,O
413,Avoided,B-ACT
413,Revise,O
413,Flight,O
413,Route,O
414,Attitude,O
414,is,O
414,too,O
414,large,O
415,Home,B-PAR
415,Point,I-PAR
415,Recorded,B-ACT
415,RTH,B-PAR
415,Altitude,I-PAR
415,30m,O
416,Tap,O
416,the,O
416,screen,O
416,lightly,O
416,to,O
416,focus,O
417,Mobile,O
417,device,O
417,CPU,B-CMP
417,fully,O
417,loaded,O
417,Related,O
417,performance,O
417,will,O
417,be,O
417,affected,O
418,Obstacle,O
418,Avoided,B-ACT
418,Revise,O
418,Flight,O
418,Route,O
419,Attitude,O
419,is,O
419,too,O
419,large,O
420,Home,B-PAR
420,Point,I-PAR
420,Recorded,B-ACT
420,RTH,B-PAR
420,Altitude,I-PAR
420,30m,O
421,Max,B-ISS
421,Flight,I-ISS
421,Altitude,I-ISS
421,Reached,O
421,Adjust,O
421,in,O
421,Main,O
421,Controller,B-CMP
421,Settings,B-FNC
421,if,O
421,necessary,O
422,Home,B-PAR
422,Point,I-PAR
422,Recorded,B-ACT
422,RTH,B-PAR
422,Altitude,I-PAR
422,30m,O
423,Max,B-ISS
423,Flight,I-ISS
423,Distance,I-ISS
423,Reached,O
423,Adjust,O
423,in,O
423,Main,O
423,Controller,B-CMP
423,Settings,B-FNC
423,if,O
423,necessary,O
424,Maximum,B-ISS
424,flight,I-ISS
424,distance,I-ISS
424,reached,O
424,Adjust,O
424,the,O
424,distance,O
424,in,O
424,MC,O
424,Settings,B-FNC
424,if,O
424,required,O
425,Weak,B-ISS
425,signal,I-ISS
425,Avoid,O
425,blocking,O
425,the,O
425,antennas,B-CMP
425,and,O
425,keep,O
425,the,O
425,antennas,B-CMP
425,parallel,O
425,to,O
425,and,O
425,facing,O
425,toward,O
425,the,O
425,aircraft,B-CMP
425,during,O
425,flight,O
426,High,O
426,wind,B-ISS
426,velocity,I-ISS
426,Ensure,O
426,the,O
426,aircraft,B-CMP
426,remains,O
426,within,O
426,your,O
426,line,O
426,of,O
426,sight,O
426,and,O
426,fly,O
426,with,O
426,caution,O
427,Maximum,B-ISS
427,flight,I-ISS
427,distance,I-ISS
427,reached,O
427,Adjust,O
427,the,O
427,distance,O
427,in,O
427,MC,O
427,Settings,B-FNC
427,if,O
427,required,O
428,High,O
428,wind,B-ISS
428,velocity,I-ISS
428,Ensure,O
428,the,O
428,aircraft,B-CMP
428,remains,O
428,within,O
428,your,O
428,line,O
428,of,O
428,sight,O
428,and,O
428,fly,O
428,with,O
428,caution,O
429,Obstacle,B-FNC
429,Sensing,I-FNC
429,will,O
429,be,O
429,disabled,O
429,when,O
429,aircraft,B-CMP
429,is,O
429,landing,B-ACT
429,Fly,O
429,with,O
429,caution,O
430,Data,O
430,Recorder,O
430,File,O
430,Index,O
430,is,O
430,45,O
431,Home,B-PAR
431,Point,I-PAR
431,Updated,O
432,Obstacle,B-FNC
432,Sensing,I-FNC
432,will,O
432,be,O
432,disabled,O
432,when,O
432,aircraft,B-CMP
432,is,O
432,landing,B-ACT
432,Fly,O
432,with,O
432,caution,O
433,Tap,O
433,the,O
433,screen,O
433,to,O
433,focus,O
434,Downlink,B-CMP
434,Lost,O
435,Data,O
435,Recorder,O
435,File,O
435,Index,O
435,is,O
435,7,O
436,Home,B-PAR
436,Point,I-PAR
436,Updated,O
437,Home,B-PAR
437,Point,I-PAR
437,Updated,O
438,Weak,B-ISS
438,signal,I-ISS
438,Avoid,O
438,blocking,O
438,the,O
438,antennas,B-CMP
438,and,O
438,keep,O
438,the,O
438,antennas,B-CMP
438,parallel,O
438,to,O
438,and,O
438,facing,O
438,toward,O
438,the,O
438,aircraft,B-CMP
438,during,O
438,flight,O
439,Intelligent,B-STE
439,Flight,I-STE
439,Modes,I-STE
439,have,O
439,not,O
439,been,O
439,enabled,O
439,Enable,O
439,this,O
439,option,O
439,in,O
439,Main,O
439,Controller,B-CMP
439,Settings,B-FNC
439,if,O
439,needed,O
440,Maximum,B-ISS
440,flight,I-ISS
440,distance,I-ISS
440,reached,O
440,Adjust,O
440,the,O
440,distance,O
440,in,O
440,MC,O
440,Settings,B-FNC
440,if,O
440,required,O
441,To,O
441,take,O
441,off,O
441,in,O
441,mode,O
441,toggle,O
441,Flight,O
441,Mode,O
441,Switch,O
441,to,O
441,another,O
441,mode,O
441,and,O
441,then,O
441,toggle,O
441,it,O
441,back,O
442,Switched,O
442,to,O
442,P,B-STE
442,Positioning,I-STE
442,Mode,I-STE
443,Switched,O
443,to,O
443,T,B-STE
443,Tripod,I-STE
443,Mode,I-STE
444,Switched,O
444,to,O
444,P,B-STE
444,Positioning,B-STE
444,Mode,I-STE
445,Switched,O
445,to,O
445,S,B-STE
445,Sport,B-STE
446,Weak,B-ISS
446,signal,I-ISS
446,Avoid,O
446,blocking,O
446,the,O
446,antennas,B-CMP
446,and,O
446,keep,O
446,the,O
446,antennas,B-CMP
446,parallel,O
446,to,O
446,and,O
446,facing,O
446,toward,O
446,the,O
446,aircraft,B-CMP
446,during,O
446,flight,O
447,Not,O
447,Allowed,O
447,to,O
447,change,O
447,Aircraft,B-CMP
447,Mode,O
447,If,O
447,needed,O
448,Not,O
448,Allowed,O
448,to,O
448,change,O
448,Aircraft,B-CMP
448,Mode,O
448,If,O
448,needed,O
449,Home,B-PAR
449,Point,I-PAR
449,Recorded,B-ACT
449,RTH,B-PAR
449,Altitude,I-PAR
449,30m,O
450,Tap,O
450,the,O
450,screen,O
450,lightly,O
450,to,O
450,focus,O
451,Tap,O
451,the,O
451,screen,O
451,lightly,O
451,to,O
451,focus,O
452,Data,O
452,Recorder,O
452,File,O
452,Index,O
452,is,O
452,8,O
453,Home,B-PAR
453,Point,I-PAR
453,Updated,O
454,Home,B-PAR
454,Point,I-PAR
454,recorded,B-ACT
454,ft,O
455,Data,O
455,Recorder,O
455,File,O
455,Index,O
455,is,O
455,9,O
456,Home,B-PAR
456,Point,I-PAR
456,Updated,O
457,GEO,O
457,You,O
457,are,O
457,in,O
457,a,O
457,Warning,B-ISS
457,Zone,I-ISS
457,School,O
457,Fly,O
457,with,O
457,caution,O
458,To,O
458,take,O
458,off,O
458,in,O
458,mode,O
458,toggle,O
458,Flight,O
458,Mode,O
458,Switch,O
458,to,O
458,another,O
458,mode,O
458,and,O
458,then,O
458,toggle,O
458,it,O
458,back,O
459,Tip,O
459,Aircraft,B-CMP
459,reached,O
459,maximum,B-ISS
459,distance,I-ISS
459,please,I-ISS
459,pay,O
459,attention,O
459,to,O
459,flight,O
459,safety,O
460,GEO,O
460,You,O
460,are,O
460,in,O
460,a,O
460,Warning,B-ISS
460,Zone,I-ISS
460,School,O
460,Fly,O
460,with,O
460,caution,O
460,Compass,B-CMP
460,abnormalSolution,O
460,1,O
460,Ensure,O
460,there,O
460,are,O
460,no,O
460,magnets,O
460,or,O
460,metal,O
460,objects,O
460,near,O
460,the,O
460,aircraft,B-CMP
460,The,O
460,ground,O
460,or,O
460,walls,O
460,may,O
460,contain,O
460,metal,O
460,Move,O
460,away,O
460,from,O
460,sources,O
460,of,O
460,interference,B-ISS
460,before,O
460,attempting,O
460,flight,O
460,2,O
460,Calibrate,B-ACT
460,Compass,B-CMP
460,Before,O
460,Takeoff,O
461,Data,O
461,Recorder,O
461,File,O
461,Index,O
461,is,O
461,10,O
462,Home,B-PAR
462,Point,I-PAR
462,Updated,O
463,Switched,O
463,to,O
463,P,B-STE
463,Positioning,B-STE
463,Mode,I-STE
464,Switched,I-STE
464,to,O
464,T,B-STE
464,Tripod,B-STE
464,Mode,I-STE
465,Switched,O
465,to,O
465,T,B-STE
465,Tripod,B-STE
465,Mode,I-STE
466,Switched,O
466,to,O
466,S,B-STE
466,Sport,B-STE
466,Mode,I-STE
467,Another,O
467,aircraft,B-CMP
467,is,O
467,nearby,O
467,Fly,O
467,with,O
467,caution,O
467,Another,O
467,aircraft,B-CMP
467,is,O
467,too,O
467,close,O
467,please,O
467,descend,O
467,to,O
467,a,O
467,safer,O
467,altitude,O
468,Another,O
468,aircraft,B-CMP
468,is,O
468,nearby,O
468,Fly,O
468,with,O
468,caution,O
468,Another,O
468,aircraft,B-CMP
468,is,O
468,dangerously,O
468,close,O
468,please,O
468,descend,O
468,to,O
468,a,O
468,safer,O
468,altitude,O
469,Another,O
469,aircraft,B-CMP
469,is,O
469,nearby,O
469,Fly,O
469,with,O
469,caution,O
469,Another,O
469,aircraft,B-CMP
469,is,O
469,dangerously,O
469,close,O
469,please,O
469,descend,O
469,to,O
469,a,O
469,safer,O
469,altitude,O
470,Data,O
470,Recorder,O
470,File,O
470,Index,O
470,is,O
470,7,O
471,Compass,B-CMP
471,abnormalSolution,O
471,1,O
471,Ensure,O
471,there,O
471,are,O
471,no,O
471,magnets,O
471,or,O
471,metal,O
471,objects,O
471,near,O
471,the,O
471,aircraft,B-CMP
471,The,O
471,ground,O
471,or,O
471,walls,O
471,may,O
471,contain,O
471,metal,O
471,Move,O
471,away,O
471,from,O
471,sources,O
471,of,O
471,interference,B-ISS
471,before,O
471,attempting,O
471,flight,O
471,2,O
471,Calibrate,B-ACT
471,Compass,B-CMP
471,Before,O
471,Takeoff,O
472,Home,B-PAR
472,Point,I-PAR
472,Updated,O
473,GEO,O
473,You,O
473,are,O
473,in,O
473,a,O
473,Warning,B-ISS
473,Zone,I-ISS
473,School,O
473,Fly,O
473,with,O
473,caution,O
474,Switched,O
474,to,O
474,S,B-STE
474,Sport,B-STE
475,Switched,I-STE
475,to,O
475,P,B-STE
475,Positioning,B-STE
475,Mode,I-STE
476,Switched,O
476,to,O
476,P,B-STE
476,Positioning,B-STE
476,Mode,I-STE
477,Switched,O
477,to,O
477,T,B-STE
477,Tripod,B-STE
477,Mode,I-STE
478,Switched,O
478,to,O
478,T,B-STE
478,Tripod,B-STE
478,Mode,I-STE
479,Switched,O
479,to,O
479,P,B-STE
479,Positioning,B-STE
479,Mode,I-STE
480,Data,O
480,Recorder,O
480,File,O
480,Index,O
480,is,O
480,8,O
481,Switched,O
481,to,O
481,S,B-STE
481,Sport,B-STE
481,Mode,I-STE
482,Home,B-PAR
482,Point,I-PAR
482,Updated,O
483,Switched,O
483,to,O
483,S,B-STE
483,Sport,B-STE
483,Mode,I-STE
484,Switched,O
484,to,O
484,P,B-STE
484,Positioning,B-STE
484,Mode,I-STE
485,Switched,O
485,to,O
485,P,B-STE
485,Positioning,B-STE
485,Mode,I-STE
486,Switched,O
486,to,O
486,S,B-STE
486,Sport,B-STE
486,Mode,I-STE
487,GEO,O
487,You,O
487,are,O
487,in,O
487,a,O
487,Warning,B-ISS
487,Zone,I-ISS
487,School,O
487,Fly,O
487,with,O
487,caution,O
488,Tip,O
488,Aircraft,B-CMP
488,reached,O
488,maximum,B-ISS
488,distance,I-ISS
488,please,I-ISS
488,pay,O
488,attention,O
488,to,O
488,flight,O
488,safety,O
489,GEO,O
489,You,O
489,are,O
489,in,O
489,a,O
489,Warning,B-ISS
489,Zone,I-ISS
489,School,O
489,Fly,O
489,with,O
489,caution,O
490,Data,O
490,Recorder,O
490,File,O
490,Index,O
490,is,O
490,9,O
491,Home,B-PAR
491,Point,I-PAR
491,Updated,O
492,To,O
492,take,O
492,off,O
492,in,O
492,mode,O
492,toggle,O
492,Flight,O
492,Mode,O
492,Switch,O
492,to,O
492,another,O
492,mode,O
492,and,O
492,then,O
492,toggle,O
492,it,O
492,back,O
493,Switched,O
493,to,O
493,P,B-STE
493,Positioning,B-STE
493,Mode,I-STE
494,Switched,O
494,to,O
494,P,B-STE
494,Positioning,B-STE
494,Mode,I-STE
495,Switched,O
495,to,O
495,S,B-STE
495,Sport,B-STE
495,Mode,I-STE
496,Tip,O
496,Aircraft,B-CMP
496,reached,O
496,maximum,B-ISS
496,distance,I-ISS
496,please,O
496,pay,O
496,attention,O
496,to,O
496,flight,O
496,safety,O
497,Data,O
497,Recorder,O
497,File,O
497,Index,O
497,is,O
497,6,O
498,Compass,B-CMP
498,abnormalSolution,O
498,1,O
498,Ensure,O
498,there,O
498,are,O
498,no,O
498,magnets,O
498,or,O
498,metal,O
498,objects,O
498,near,O
498,the,O
498,aircraft,B-CMP
498,The,O
498,ground,O
498,or,O
498,walls,O
498,may,O
498,contain,O
498,metal,O
498,Move,O
498,away,O
498,from,O
498,sources,O
498,of,O
498,interference,B-ISS
498,before,O
498,attempting,O
498,flight,O
498,2,O
498,Calibrate,B-ACT
498,Compass,B-CMP
498,Before,O
498,Takeoff,O
499,Home,B-PAR
499,Point,I-PAR
499,Updated,O
500,Home,B-PAR
500,Point,I-PAR
500,recorded,B-ACT
500,ft,O
501,Switched,O
501,to,O
501,P,B-STE
501,Positioning,B-STE
501,Mode,I-STE
502,Switched,O
502,to,O
502,P,B-STE
502,Positioning,B-STE
502,Mode,I-STE
503,Switched,O
503,to,O
503,S,B-STE
503,Sport,B-STE
504,GEO,I-STE
504,You,O
504,are,O
504,in,O
504,a,O
504,Warning,B-ISS
504,Zone,I-ISS
504,School,O
504,Fly,O
504,with,O
504,caution,O
505,Downlink,B-CMP
505,Lost,O
506,Switched,O
506,to,O
506,S,B-STE
506,Sport,B-STE
507,Switched,O
507,to,O
507,P,B-STE
507,Positioning,B-STE
507,Mode,I-STE
508,Data,O
508,Recorder,O
508,File,O
508,Index,O
508,is,O
508,7,O
509,Home,B-PAR
509,Point,I-PAR
509,Updated,O
510,Home,B-PAR
510,Point,I-PAR
510,recorded,B-ACT
510,ft,O
511,Switched,O
511,to,O
511,S,B-STE
511,Sport,B-STE
512,GEO,O
512,You,O
512,are,O
512,in,O
512,a,O
512,Warning,B-ISS
512,Zone,I-ISS
512,School,O
512,Fly,O
512,with,O
512,caution,O
513,Data,O
513,Recorder,O
513,File,O
513,Index,O
513,is,O
513,8,O
514,Home,B-PAR
514,Point,I-PAR
514,Updated,O
515,To,O
515,take,O
515,off,O
515,in,O
515,mode,O
515,toggle,O
515,Flight,O
515,Mode,O
515,Switch,O
515,to,O
515,another,O
515,mode,O
515,and,O
515,then,O
515,toggle,O
515,it,O
515,back,O
516,Switched,O
516,to,O
516,P,B-STE
516,Positioning,B-STE
516,Mode,I-STE
517,Switched,O
517,to,O
517,P,B-STE
517,Positioning,B-STE
517,Mode,I-STE
518,Switched,O
518,to,O
518,S,B-STE
518,Sport,B-STE
518,Mode,I-STE
519,GEO,O
519,You,O
519,are,O
519,in,O
519,a,O
519,Warning,B-ISS
519,Zone,I-ISS
519,School,O
519,Fly,O
519,with,O
519,caution,O
520,Tip,O
520,Aircraft,B-CMP
520,reached,O
520,maximum,B-ISS
520,distance,I-ISS
520,please,O
520,pay,O
520,attention,O
520,to,O
520,flight,O
520,safety,O
521,Tip,O
521,Aircraft,B-CMP
521,reached,O
521,maximum,B-ISS
521,distance,I-ISS
521,please,O
521,pay,O
521,attention,O
521,to,O
521,flight,O
521,safety,O
522,Data,O
522,Recorder,O
522,File,O
522,Index,O
522,is,O
522,29,O
523,Home,B-PAR
523,Point,I-PAR
523,Updated,O
524,Taking,B-ACT
524,Off,I-ACT
525,Aircraft,B-CMP
525,is,O
525,returning,O
525,to,O
525,the,O
525,Home,B-PAR
525,Point,I-PAR
525,RTH,B-PAR
525,Altitude,I-PAR
525,is,O
525,30m,O
525,You,O
525,can,O
525,reset,O
525,the,O
525,RTH,B-PAR
525,Altitude,I-PAR
525,in,O
525,Remote,O
525,Controller,B-CMP
525,Settings,B-FNC
525,after,O
525,cancelling,O
525,RTH,B-ACT
525,if,O
525,necessary,O
526,Data,O
526,Recorder,O
526,File,O
526,Index,O
526,is,O
526,57,O
527,Home,B-PAR
527,Point,I-PAR
527,Updated,O
528,Maximum,B-ISS
528,flight,I-ISS
528,distance,I-ISS
528,reached,O
528,Adjust,O
528,the,O
528,distance,O
528,in,O
528,MC,O
528,Settings,B-FNC
528,if,O
528,required,O
529,Weak,B-ISS
529,signal,I-ISS
529,Avoid,O
529,blocking,O
529,the,O
529,antennas,B-CMP
529,and,O
529,keep,O
529,the,O
529,antennas,B-CMP
529,parallel,O
529,to,O
529,and,O
529,facing,O
529,toward,O
529,the,O
529,aircraft,B-CMP
529,during,O
529,flight,O
530,High,O
530,wind,B-ISS
530,velocity,I-ISS
530,Ensure,O
530,the,O
530,aircraft,B-CMP
530,remains,O
530,within,O
530,your,O
530,line,O
530,of,O
530,sight,O
530,and,O
530,fly,O
530,with,O
530,caution,O
531,Maximum,B-ISS
531,flight,I-ISS
531,distance,I-ISS
531,reached,O
531,Adjust,O
531,the,O
531,distance,O
531,in,O
531,MC,O
531,Settings,B-FNC
531,if,O
531,required,O
532,High,O
532,wind,B-ISS
532,velocity,I-ISS
532,Ensure,O
532,the,O
532,aircraft,B-CMP
532,remains,O
532,within,O
532,your,O
532,line,O
532,of,O
532,sight,O
532,and,O
532,fly,O
532,with,O
532,caution,O
533,Obstacle,B-FNC
533,Sensing,I-FNC
533,will,O
533,be,O
533,disabled,O
533,when,O
533,aircraft,B-CMP
533,is,O
533,landing,B-ACT
533,Fly,O
533,with,O
533,caution,O
534,Home,B-PAR
534,Point,I-PAR
534,Recorded,B-ACT
534,RTH,B-PAR
534,Altitude,I-PAR
534,30m,O
535,In,O
535,Flight,O
536,In,B-STE
536,Flight,I-STE
537,In,B-STE
537,Flight,I-STE
538,In,B-STE
538,Flight,I-STE
539,In,B-STE
539,Flight,I-STE
540,In,B-STE
540,Flight,I-STE
541,In,B-STE
541,Flight,I-STE
542,Obstacle,B-FNC
542,Avoidance,I-FNC
542,will,O
542,be,O
542,disabled,O
542,in,B-STE
542,landing,I-STE
543,Home,B-PAR
543,Point,I-PAR
543,Recorded,B-ACT
543,RTH,B-PAR
543,Altitude,I-PAR
543,30m,O
544,Home,B-PAR
544,Point,I-PAR
544,Recorded,B-ACT
544,RTH,B-PAR
544,Altitude,I-PAR
544,30m,O
545,Max,B-ISS
545,Flight,I-ISS
545,Distance,I-ISS
545,Reached,O
545,Adjust,O
545,in,O
545,Main,O
545,Controller,B-CMP
545,Settings,B-FNC
545,if,O
545,necessary,O
546,Max,B-ISS
546,Flight,I-ISS
546,Distance,I-ISS
546,Reached,O
546,Adjust,O
546,in,O
546,Main,O
546,Controller,B-CMP
546,Settings,B-FNC
546,if,O
546,necessary,O
547,Home,B-PAR
547,Point,I-PAR
547,Recorded,B-ACT
547,RTH,B-PAR
547,Altitude,I-PAR
547,30m,O
548,Strong,O
548,Interference,B-ISS
548,to,O
548,Aircraft,B-CMP
548,Signal,O
548,interruption,O
548,may,O
548,be,O
548,more,O
548,likely,O
548,Fly,O
548,with,O
548,caution,O
549,Strong,O
549,Interference,B-ISS
549,to,O
549,Aircraft,B-CMP
549,Signal,O
549,interruption,O
549,may,O
549,be,O
549,more,O
549,likely,O
549,Fly,O
549,with,O
549,caution,O
550,Strong,O
550,Interference,B-ISS
550,to,O
550,Aircraft,B-CMP
550,Signal,O
550,interruption,O
550,may,O
550,be,O
550,more,O
550,likely,O
550,Fly,O
550,with,O
550,caution,O
551,Strong,O
551,Interference,B-ISS
551,to,O
551,Aircraft,B-CMP
551,Signal,O
551,interruption,O
551,may,O
551,be,O
551,more,O
551,likely,O
551,Fly,O
551,with,O
551,caution,O
552,Strong,O
552,Interference,B-ISS
552,to,O
552,Aircraft,B-CMP
552,Signal,O
552,interruption,O
552,may,O
552,be,O
552,more,O
552,likely,O
552,Fly,O
552,with,O
552,caution,O
553,Fly,O
553,with,O
553,caution,O
553,and,O
553,ensure,O
553,the,O
553,aircraft,B-CMP
553,remains,O
553,within,O
553,your,O
553,line,O
553,of,O
553,sight,O
554,The,O
554,remaining,O
554,battery,B-CMP
554,is,O
554,only,O
554,enough,O
554,for,O
554,RTH,B-ACT
554,Return,O
554,home,O
554,now,O
555,Obstacle,B-FNC
555,Avoidance,I-FNC
555,will,O
555,be,O
555,disabled,O
555,in,O
555,landing,B-ACT
556,Home,B-PAR
556,Point,I-PAR
556,Recorded,B-ACT
556,RTH,B-PAR
556,Altitude,I-PAR
556,30m,O
557,Home,B-PAR
557,Point,I-PAR
557,Recorded,B-ACT
557,RTH,B-PAR
557,Altitude,I-PAR
557,30m,O
558,Fly,O
558,with,O
558,caution,O
558,and,O
558,ensure,O
558,the,O
558,aircraft,B-CMP
558,remains,O
558,within,O
558,your,O
558,line,O
558,of,O
558,sight,O
559,Attitude,O
559,is,O
559,too,O
559,large,O
560,Attitude,O
560,is,O
560,too,O
560,large,O
561,Attitude,O
561,is,O
561,too,O
561,large,O
562,Fly,O
562,with,O
562,caution,O
562,and,O
562,ensure,O
562,the,O
562,aircraft,B-CMP
562,remains,O
562,within,O
562,your,O
562,line,O
562,of,O
562,sight,O
563,Attitude,O
563,is,O
563,too,O
563,large,O
564,Attitude,O
564,is,O
564,too,O
564,large,O
565,Attitude,O
565,is,O
565,too,O
565,large,O
566,Attitude,O
566,is,O
566,too,O
566,large,O
567,Attitude,O
567,is,O
567,too,O
567,large,O
568,Attitude,O
568,is,O
568,too,O
568,large,O
569,High,O
569,wind,B-ISS
569,velocity,I-ISS
569,Fly,O
569,with,O
569,caution,O
569,and,O
569,land,O
569,in,O
569,a,O
569,safe,O
569,place,O
569,ASAP,O
570,Attitude,O
570,is,O
570,too,O
570,large,O
571,Attitude,O
571,is,O
571,too,O
571,large,O
572,Attitude,O
572,is,O
572,too,O
572,large,O
573,Attitude,O
573,is,O
573,too,O
573,large,O
574,Attitude,O
574,is,O
574,too,O
574,large,O
575,Attitude,O
575,is,O
575,too,O
575,large,O
576,Attitude,O
576,is,O
576,too,O
576,large,O
577,Attitude,O
577,is,O
577,too,O
577,large,O
578,Attitude,O
578,is,O
578,too,O
578,large,O
579,Attitude,O
579,is,O
579,too,O
579,large,O
580,Attitude,O
580,is,O
580,too,O
580,large,O
581,Attitude,O
581,is,O
581,too,O
581,large,O
582,Attitude,O
582,is,O
582,too,O
582,large,O
583,Attitude,O
583,is,O
583,too,O
583,large,O
584,Attitude,O
584,is,O
584,too,O
584,large,O
585,Fly,O
585,with,O
585,caution,O
585,and,O
585,ensure,O
585,the,O
585,aircraft,B-CMP
585,remains,O
585,within,O
585,your,O
585,line,O
585,of,O
585,sight,O
586,Fly,O
586,with,O
586,caution,O
586,and,O
586,ensure,O
586,the,O
586,aircraft,B-CMP
586,remains,O
586,within,O
586,your,O
586,line,O
586,of,O
586,sight,O
587,Attitude,O
587,is,O
587,too,O
587,large,O
588,Attitude,O
588,is,O
588,too,O
588,large,O
589,Attitude,O
589,is,O
589,too,O
589,large,O
590,Attitude,O
590,is,O
590,too,O
590,large,O
591,Attitude,O
591,is,O
591,too,O
591,large,O
592,Attitude,O
592,is,O
592,too,O
592,large,O
593,Fly,O
593,with,O
593,caution,O
593,and,O
593,ensure,O
593,the,O
593,aircraft,B-CMP
593,remains,O
593,within,O
593,your,O
593,line,O
593,of,O
593,sight,O
594,Fly,O
594,with,O
594,caution,O
594,and,O
594,ensure,O
594,the,O
594,aircraft,B-CMP
594,remains,O
594,within,O
594,your,O
594,line,O
594,of,O
594,sight,O
595,Obstacle,B-FNC
595,Avoidance,I-FNC
595,will,O
595,be,O
595,disabled,O
595,in,O
595,landing,B-ACT
596,Data,O
596,Recorder,O
596,File,O
596,Index,O
596,is,O
596,12,O
597,Home,B-PAR
597,Point,I-PAR
597,Updated,O
598,Remote,O
598,controller,O
598,assisted,O
598,takeoff,O
598,initiated,O
599,Data,O
599,Recorder,O
599,File,O
599,Index,O
599,is,O
599,15,O
600,Remote,O
600,controller,O
600,assisted,O
600,takeoff,O
600,initiated,O
601,Data,O
601,Recorder,O
601,File,O
601,Index,O
601,is,O
601,15,O
602,Home,B-PAR
602,Point,I-PAR
602,Updated,O
603,Home,B-PAR
603,Point,I-PAR
603,recorded,B-ACT
604,Remote,O
604,controller,B-CMP
604,assisted,O
604,takeoff,O
604,initiated,O
605,SD,B-CMP
605,card,I-CMP
605,write,O
605,speed,O
605,is,O
605,too,O
605,slow,O
605,Not,O
605,suitable,O
605,for,O
605,shooting,O
605,a,O
605,4K,O
605,video,O
606,High,O
606,wind,B-ISS
606,velocity,I-ISS
606,Fly,O
606,with,O
606,caution,O
607,High,O
607,wind,B-ISS
607,velocity,I-ISS
607,Fly,O
607,with,O
607,caution,O
608,High,O
608,wind,B-ISS
608,velocity,I-ISS
608,Fly,O
608,with,O
608,caution,O
609,High,O
609,wind,B-ISS
609,velocity,I-ISS
609,Fly,O
609,with,O
609,caution,O
610,High,O
610,wind,B-ISS
610,velocity,I-ISS
610,Fly,O
610,with,O
610,caution,O
611,High,O
611,wind,B-ISS
611,velocity,I-ISS
611,Fly,O
611,with,O
611,caution,O
612,High,O
612,wind,B-ISS
612,velocity,I-ISS
612,Fly,O
612,with,O
612,caution,O
613,Taking,B-ACT
613,Off,I-ACT
614,Taking,B-ACT
614,Off,I-ACT
615,Home,B-PAR
615,Point,I-PAR
615,Recorded,B-ACT
615,RTH,B-PAR
615,Altitude,I-PAR
615,30m,O
616,Tap,O
616,the,O
616,screen,O
616,lightly,O
616,to,O
616,focus,O
617,Max,B-ISS
617,Flight,I-ISS
617,Distance,I-ISS
617,Reached,O
617,Adjust,O
617,in,O
617,Main,O
617,Controller,B-CMP
617,Settings,B-FNC
617,if,O
617,necessary,O
618,Max,B-ISS
618,Flight,I-ISS
618,Distance,I-ISS
618,Reached,O
618,Adjust,O
618,in,O
618,Main,O
618,Controller,B-CMP
618,Settings,B-FNC
618,if,O
618,necessary,O
619,Max,B-ISS
619,Flight,I-ISS
619,Distance,I-ISS
619,Reached,O
619,Adjust,O
619,in,O
619,Main,O
619,Controller,B-CMP
619,Settings,B-FNC
619,if,O
619,necessary,O
620,Max,B-ISS
620,Flight,I-ISS
620,Distance,I-ISS
620,Reached,O
620,Adjust,O
620,in,O
620,Main,O
620,Controller,B-CMP
620,Settings,B-FNC
620,if,O
620,necessary,O
621,Landing,B-ACT
622,Obstacle,B-FNC
622,Avoidance,I-FNC
622,will,O
622,be,O
622,disabled,O
622,in,O
622,landing,B-ACT
623,Landing,B-ACT
623,Canceled,O
624,Max,B-ISS
624,Flight,I-ISS
624,Distance,I-ISS
624,Reached,O
624,Adjust,O
624,in,O
624,Main,O
624,Controller,B-CMP
624,Settings,B-FNC
624,if,O
624,necessary,O
625,Obstacle,B-FNC
625,Avoidance,I-FNC
625,will,O
625,be,O
625,disabled,O
625,in,O
625,landing,B-ACT
626,Taking,B-ACT
626,Off,I-ACT
627,Taking,B-ACT
627,Off,I-ACT
628,Home,B-PAR
628,Point,I-PAR
628,Recorded,B-ACT
628,RTH,B-PAR
628,Altitude,I-PAR
628,30m,O
629,Landing,B-ACT
630,Obstacle,B-FNC
630,Avoidance,I-FNC
630,will,O
630,be,O
630,disabled,O
630,in,O
630,landing,B-ACT
631,Ground,O
631,Plain,O
631,Safe,O
631,to,O
631,Land,O
632,Taking,B-ACT
632,Off,I-ACT
633,Taking,B-ACT
633,Off,I-ACT
634,Home,B-PAR
634,Point,I-PAR
634,Recorded,B-ACT
634,RTH,B-PAR
634,Altitude,I-PAR
634,30m,O
635,Aircraft,B-CMP
635,is,O
635,returning,O
635,to,O
635,the,O
635,Home,B-PAR
635,Point,I-PAR
635,Minimum,O
635,RTH,B-PAR
635,Altitude,I-PAR
635,is,O
635,98ft,O
635,You,O
635,can,O
635,reset,O
635,the,O
635,RTH,B-PAR
635,Altitude,I-PAR
635,in,O
635,Remote,O
635,Controller,B-CMP
635,Settings,B-FNC
635,after,O
635,cancelling,O
635,RTH,B-ACT
636,Obstacle,B-FNC
636,Avoidance,I-FNC
636,will,O
636,be,O
636,disabled,O
636,in,O
636,landing,B-ACT
637,Locating,O
637,Landing,B-ACT
637,Point,O
638,Landing,B-ACT
638,Canceled,O
639,Forward,O
639,Obstacle,B-FNC
639,Sensing,I-FNC
639,not,O
639,Responding,O
640,Obstacle,B-FNC
640,Avoidance,I-FNC
640,will,O
640,be,O
640,disabled,O
640,in,O
640,landing,B-ACT
641,Taking,B-ACT
641,Off,I-ACT
642,Taking,B-ACT
642,Off,I-ACT
643,Home,B-PAR
643,Point,I-PAR
643,Recorded,B-ACT
643,RTH,B-PAR
643,Altitude,I-PAR
643,30m,O
644,Tap,O
644,the,O
644,screen,O
644,lightly,O
644,to,O
644,focus,O
645,In,B-STE
645,Flight,I-STE
646,In,B-STE
646,Flight,I-STE
647,Compass,B-CMP
647,Redundancy,O
647,Switch,O
648,Tap,O
648,the,O
648,screen,O
648,lightly,O
648,to,O
648,focus,O
649,Tap,O
649,the,O
649,screen,O
649,lightly,O
649,to,O
649,focus,O
650,Aircraft,B-CMP
650,is,O
650,returning,O
650,to,O
650,the,O
650,Home,B-PAR
650,Point,I-PAR
650,Minimum,O
650,RTH,B-PAR
650,Altitude,I-PAR
650,is30m,O
650,You,O
650,can,O
650,reset,O
650,the,O
650,RTH,B-PAR
650,Altitude,I-PAR
650,in,O
650,Remote,O
650,Controller,B-CMP
650,Settings,B-FNC
650,after,O
650,cancelling,O
650,RTH,B-ACT
651,Obstacle,B-FNC
651,Avoidance,I-FNC
651,will,O
651,be,O
651,disabled,O
651,in,O
651,landing,B-ACT
652,Locating,O
652,Landing,B-ACT
652,Point,O
653,Ground,O
653,Plain,O
653,Safe,O
653,to,O
653,Land,O
654,Data,O
654,Recorder,O
654,File,O
654,Index,O
654,is,O
654,57,O
655,Home,B-PAR
655,Point,I-PAR
655,Updated,O
656,Maximum,B-ISS
656,flight,I-ISS
656,distance,I-ISS
656,reached,O
656,Adjust,O
656,the,O
656,distance,O
656,in,O
656,MC,O
656,Settings,B-FNC
656,if,O
656,required,O
657,Weak,B-ISS
657,signal,I-ISS
657,Avoid,O
657,blocking,O
657,the,O
657,antennas,B-CMP
657,and,O
657,keep,O
657,the,O
657,antennas,B-CMP
657,parallel,O
657,to,O
657,and,O
657,facing,O
657,toward,O
657,the,O
657,aircraft,B-CMP
657,during,O
657,flight,O
658,High,O
658,wind,B-ISS
658,velocity,I-ISS
658,Ensure,O
658,the,O
658,aircraft,B-CMP
658,remains,O
658,within,O
658,your,O
658,line,O
658,of,O
658,sight,O
658,and,O
658,fly,O
658,with,O
658,caution,O
659,Maximum,B-ISS
659,flight,I-ISS
659,distance,I-ISS
659,reached,O
659,Adjust,O
659,the,O
659,distance,O
659,in,O
659,MC,O
659,Settings,B-FNC
659,if,O
659,required,O
660,High,O
660,wind,B-ISS
660,velocity,I-ISS
660,Ensure,O
660,the,O
660,aircraft,B-CMP
660,remains,O
660,within,O
660,your,O
660,line,O
660,of,O
660,sight,O
660,and,O
660,fly,O
660,with,O
660,caution,O
661,Obstacle,B-FNC
661,Sensing,I-FNC
661,will,O
661,be,O
661,disabled,O
661,when,O
661,aircraft,B-CMP
661,is,O
661,landing,B-ACT
661,Fly,O
661,with,O
661,caution,O
662,Data,O
662,Recorder,O
662,File,O
662,Index,O
662,is,O
662,45,O
663,Home,B-PAR
663,Point,I-PAR
663,Updated,O
664,Tap,O
664,the,O
664,screen,O
664,to,O
664,focus,O
665,Downlink,B-CMP
665,Lost,O
666,Obstacle,B-FNC
666,Sensing,I-FNC
666,will,O
666,be,O
666,disabled,O
666,when,O
666,aircraft,B-CMP
666,is,O
666,landing,B-ACT
666,Fly,O
666,with,O
666,caution,O
667,Taking,B-ACT
667,Off,I-ACT
668,Taking,B-ACT
668,Off,I-ACT
669,Home,B-PAR
669,Point,I-PAR
669,Recorded,B-ACT
669,RTH,B-PAR
669,Altitude,I-PAR
669,30m,O
670,Tap,O
670,the,O
670,screen,O
670,lightly,O
670,to,O
670,focus,O
671,Obstacle,O
671,Avoided,B-ACT
671,Revise,O
671,Flight,O
671,Route,O
672,Obstacle,B-FNC
672,Avoidance,I-FNC
672,will,O
672,be,O
672,disabled,O
672,in,O
672,landing,B-ACT
